{
    "arvore": {
        "acuracia": [
            0.9764147200586577,
            0.9763593545514976,
            0.9758626899283764,
            0.9763342425023678,
            0.9761912157780411,
            0.9759827147321609,
            0.9759797515138262,
            0.9762225257230949,
            0.9759936942449223,
            0.9765952376142317,
            0.9760982796966806,
            0.9762846345210754,
            0.9760533872146901,
            0.9762376732387905,
            0.9759885029141335,
            0.9760591710464099,
            0.9760861785642994,
            0.9761048255580909,
            0.9764048097043379,
            0.9760312206337236
        ],
        "precisao": [
            0.9703333333333334,
            0.9703,
            0.96945,
            0.9702611111111111,
            0.97,
            0.9696888888888889,
            0.96955,
            0.9700333333333333,
            0.9696,
            0.9704555555555555,
            0.9698833333333333,
            0.9701222222222222,
            0.9697944444444444,
            0.9700777777777778,
            0.9697222222222223,
            0.9698,
            0.9697777777777777,
            0.9697944444444444,
            0.9705111111111111,
            0.9696222222222223
        ],
        "recall": [
            0.9703333333333334,
            0.9703,
            0.96945,
            0.9702611111111111,
            0.97,
            0.9696888888888889,
            0.96955,
            0.9700333333333333,
            0.9696,
            0.9704555555555555,
            0.9698833333333333,
            0.9701222222222222,
            0.9697944444444444,
            0.9700777777777778,
            0.9697222222222223,
            0.9698,
            0.9697777777777777,
            0.9697944444444444,
            0.9705111111111111,
            0.9696222222222223
        ]
    },
    "knn": {
        "acuracia": [
            0.966409430890983,
            0.9665056923808045,
            0.9664068661412131,
            0.9666628801695236,
            0.9664141148022812,
            0.9657556723829515,
            0.9662834503899689,
            0.9661227684244006,
            0.9665929507013166,
            0.9661196250013436,
            0.9659510432296785,
            0.9661122472117307,
            0.9659193043919315,
            0.9665575268498858,
            0.966235858084217,
            0.965737004944881,
            0.9659516534417464,
            0.9660072941026271,
            0.967274902597364,
            0.9660582606263513
        ],
        "precisao": [
            0.9655,
            0.9656333333333333,
            0.9652222222222222,
            0.9657277777777777,
            0.9653388888888889,
            0.9647944444444444,
            0.9651888888888889,
            0.9651888888888889,
            0.9655111111111111,
            0.9652722222222222,
            0.9649666666666666,
            0.9651611111111111,
            0.9649611111111112,
            0.96545,
            0.9652555555555555,
            0.96475,
            0.9649888888888889,
            0.9650777777777778,
            0.9663444444444445,
            0.9651055555555555
        ],
        "recall": [
            0.9655,
            0.9656333333333333,
            0.9652222222222222,
            0.9657277777777777,
            0.9653388888888889,
            0.9647944444444444,
            0.9651888888888889,
            0.9651888888888889,
            0.9655111111111111,
            0.9652722222222222,
            0.9649666666666666,
            0.9651611111111111,
            0.9649611111111112,
            0.96545,
            0.9652555555555555,
            0.96475,
            0.9649888888888889,
            0.9650777777777778,
            0.9663444444444445,
            0.9651055555555555
        ]
    },
    "bayes": {
        "acuracia": [
            0.9217491529583424,
            0.9223112015003888,
            0.920074151679207,
            0.9222570778383198,
            0.9208029629979417,
            0.9201127523187517,
            0.9212696686104246,
            0.9198257198045189,
            0.9200329583352058,
            0.9223392610617246,
            0.9209629310498182,
            0.9200607085698894,
            0.9213313897999175,
            0.9224917229382852,
            0.9202880569676247,
            0.9214146177316127,
            0.9207715652211718,
            0.9212258107091158,
            0.9212858016643267,
            0.9220396470414292
        ],
        "precisao": [
            0.9312166666666667,
            0.9317333333333333,
            0.9300722222222222,
            0.9315777777777777,
            0.9306444444444445,
            0.9300166666666667,
            0.9309944444444445,
            0.9297722222222222,
            0.9300055555555555,
            0.9317222222222222,
            0.9306833333333333,
            0.9299555555555555,
            0.9310611111111111,
            0.9318166666666666,
            0.9301111111111111,
            0.9310222222222222,
            0.9306333333333333,
            0.9309,
            0.9309666666666667,
            0.9314444444444444
        ],
        "recall": [
            0.9312166666666667,
            0.9317333333333333,
            0.9300722222222222,
            0.9315777777777777,
            0.9306444444444445,
            0.9300166666666667,
            0.9309944444444445,
            0.9297722222222222,
            0.9300055555555555,
            0.9317222222222222,
            0.9306833333333333,
            0.9299555555555555,
            0.9310611111111111,
            0.9318166666666666,
            0.9301111111111111,
            0.9310222222222222,
            0.9306333333333333,
            0.9309,
            0.9309666666666667,
            0.9314444444444444
        ]
    },
    "rf": {
        "acuracia": [
            0.9756255375965242,
            0.9752334335407147,
            0.9751201607746818,
            0.9754231964423347,
            0.9756926286983602,
            0.9748367980394426,
            0.9750307911052825,
            0.9753031781730542,
            0.9750362192234548,
            0.9753122552357297,
            0.9749095104739974,
            0.9751883505640943,
            0.9751000582811006,
            0.9752470107867339,
            0.9747936085839687,
            0.9751009740092393,
            0.9750120606162983,
            0.9752447051411661,
            0.9755124780514943,
            0.9749914402875365
        ],
        "precisao": [
            0.9741388888888889,
            0.9738,
            0.9734222222222222,
            0.9738888888888889,
            0.9741722222222222,
            0.9732722222222222,
            0.97345,
            0.97385,
            0.9734166666666667,
            0.9738222222222223,
            0.9733555555555555,
            0.97375,
            0.9735055555555555,
            0.9736777777777778,
            0.9732833333333333,
            0.9736666666666667,
            0.9735166666666667,
            0.9736222222222222,
            0.9740055555555556,
            0.9733777777777778
        ],
        "recall": [
            0.9741388888888889,
            0.9738,
            0.9734222222222222,
            0.9738888888888889,
            0.9741722222222222,
            0.9732722222222222,
            0.97345,
            0.97385,
            0.9734166666666667,
            0.9738222222222223,
            0.9733555555555555,
            0.97375,
            0.9735055555555555,
            0.9736777777777778,
            0.9732833333333333,
            0.9736666666666667,
            0.9735166666666667,
            0.9736222222222222,
            0.9740055555555556,
            0.9733777777777778
        ]
    }
}