{
    "arvore": {
        "acuracia": [
            0.9764147200586577,
            0.9763593545514976,
            0.9758626899283764,
            0.9763342425023678,
            0.9761912157780411,
            0.9759827147321609,
            0.9759797515138262,
            0.9762225257230949,
            0.9759936942449223,
            0.9765952376142317
        ],
        "precisao": [
            0.9703333333333334,
            0.9703,
            0.96945,
            0.9702611111111111,
            0.97,
            0.9696888888888889,
            0.96955,
            0.9700333333333333,
            0.9696,
            0.9704555555555555
        ],
        "recall": [
            0.9703333333333334,
            0.9703,
            0.96945,
            0.9702611111111111,
            0.97,
            0.9696888888888889,
            0.96955,
            0.9700333333333333,
            0.9696,
            0.9704555555555555
        ]
    },
    "knn": {
        "acuracia": [
            0.966409430890983,
            0.9665056923808045,
            0.9664068661412131,
            0.9666628801695236,
            0.9664141148022812,
            0.9657556723829515,
            0.9662834503899689,
            0.9661227684244006,
            0.9665929507013166,
            0.9661196250013436
        ],
        "precisao": [
            0.9655,
            0.9656333333333333,
            0.9652222222222222,
            0.9657277777777777,
            0.9653388888888889,
            0.9647944444444444,
            0.9651888888888889,
            0.9651888888888889,
            0.9655111111111111,
            0.9652722222222222
        ],
        "recall": [
            0.9655,
            0.9656333333333333,
            0.9652222222222222,
            0.9657277777777777,
            0.9653388888888889,
            0.9647944444444444,
            0.9651888888888889,
            0.9651888888888889,
            0.9655111111111111,
            0.9652722222222222
        ]
    },
    "bayes": {
        "acuracia": [
            0.9217491529583424,
            0.9223112015003888,
            0.920074151679207,
            0.9222570778383198,
            0.9208029629979417,
            0.9201127523187517,
            0.9212696686104246,
            0.9198257198045189,
            0.9200329583352058,
            0.9223392610617246
        ],
        "precisao": [
            0.9312166666666667,
            0.9317333333333333,
            0.9300722222222222,
            0.9315777777777777,
            0.9306444444444445,
            0.9300166666666667,
            0.9309944444444445,
            0.9297722222222222,
            0.9300055555555555,
            0.9317222222222222
        ],
        "recall": [
            0.9312166666666667,
            0.9317333333333333,
            0.9300722222222222,
            0.9315777777777777,
            0.9306444444444445,
            0.9300166666666667,
            0.9309944444444445,
            0.9297722222222222,
            0.9300055555555555,
            0.9317222222222222
        ]
    },
    "rf": {
        "acuracia": [
            0.9756255375965242,
            0.9752334335407147,
            0.9751201607746818,
            0.9754231964423347,
            0.9756926286983602,
            0.9748367980394426,
            0.9750307911052825,
            0.9753031781730542,
            0.9750362192234548,
            0.9753122552357297
        ],
        "precisao": [
            0.9741388888888889,
            0.9738,
            0.9734222222222222,
            0.9738888888888889,
            0.9741722222222222,
            0.9732722222222222,
            0.97345,
            0.97385,
            0.9734166666666667,
            0.9738222222222223
        ],
        "recall": [
            0.9741388888888889,
            0.9738,
            0.9734222222222222,
            0.9738888888888889,
            0.9741722222222222,
            0.9732722222222222,
            0.97345,
            0.97385,
            0.9734166666666667,
            0.9738222222222223
        ]
    }
}